PolityID,PolityName,PolityType,StateAbbr
0.0,League of Nations,International Organization,
1.0,United Nations,International Organization,
2.0,United States of America,State,USA
20.0,Canada,State,CAN
31.0,Bahamas,State,BHM
40.0,Cuba,State,CUB
41.0,Haiti,State,HAI
42.0,Dominican Republic,State,DOM
51.0,Jamaica,State,JAM
52.0,Trinidad and Tobago,State,TRI
53.0,Barbados,State,BAR
54.0,Dominica,State,DMA
55.0,Grenada,State,GRN
56.0,St. Lucia,State,SLU
57.0,St. Vincent and the Grenadines,State,SVG
58.0,Antigua & Barbuda,State,AAB
60.0,St. Kitts and Nevis,State,SKN
70.0,Mexico,State,MEX
80.0,Belize,State,BLZ
90.0,Guatemala,State,GUA
91.0,Honduras,State,HON
92.0,El Salvador,State,SAL
93.0,Nicaragua,State,NIC
94.0,Costa Rica,State,COS
95.0,Panama,State,PAN
100.0,Colombia,State,COL
101.0,Venezuela,State,VEN
110.0,Guyana,State,GUY
115.0,Suriname,State,SUR
130.0,Ecuador,State,ECU
135.0,Peru,State,PER
140.0,Brazil,State,BRA
145.0,Bolivia,State,BOL
150.0,Paraguay,State,PAR
155.0,Chile,State,CHL
160.0,Argentina,State,ARG
165.0,Uruguay,State,URU
200.0,United Kingdom,State,UKG
205.0,Ireland,State,IRE
210.0,Netherlands,State,NTH
211.0,Belgium,State,BEL
212.0,Luxembourg,State,LUX
220.0,France,State,FRN
221.0,Monaco,State,MNC
223.0,Liechtenstein,State,LIE
225.0,Switzerland,State,SWZ
230.0,Spain,State,SPN
232.0,Andorra,State,AND
235.0,Portugal,State,POR
240.0,Hanover,State,HAN
245.0,Bavaria,State,BAV
255.0,Germany,State,GMY
260.0,German Federal Republic,State,GFR
265.0,German Democratic Republic,State,GDR
267.0,Baden,State,BAD
269.0,Saxony,State,SAX
271.0,Wuerttemburg,State,WRT
273.0,Hesse Electoral,State,HSE
275.0,Hesse Grand Ducal,State,HSG
280.0,Mecklenburg Schwerin,State,MEC
290.0,Poland,State,POL
300.0,Austria-Hungary,State,AUH
305.0,Austria,State,AUS
310.0,Hungary,State,HUN
315.0,Czechoslovakia,State,CZE
316.0,Czech Republic,State,CZR
317.0,Slovakia,State,SLO
325.0,Italy,State,ITA
327.0,Papal States,State,PAP
329.0,Two Sicilies,State,SIC
331.0,San Marino,State,SNM
332.0,Modena,State,MOD
335.0,Parma,State,PMA
337.0,Tuscany,State,TUS
338.0,Malta,State,MLT
339.0,Albania,State,ALB
341.0,Montenegro,State,MNG
348.0,Montenegro,Territory,
343.0,Macedonia,State,MAC
344.0,Croatia,State,CRO
345.0,Yugoslavia,State,YUG
346.0,Bosnia and Herzegovina,State,BOS
347.0,Kosovo,State,KOS
349.0,Slovenia,State,SLV
350.0,Greece,State,GRC
352.0,Cyprus,State,CYP
355.0,Bulgaria,State,BUL
359.0,Moldova,State,MLD
360.0,Romania,State,ROM
365.0,Russia,State,RUS
366.0,Estonia,State,EST
367.0,Latvia,State,LAT
368.0,Lithuania,State,LIT
369.0,Ukraine,State,UKR
370.0,Belarus,State,BLR
371.0,Armenia,State,ARM
372.0,Georgia,State,GRG
1010.0,Georgia,Territory,
373.0,Azerbaijan,State,AZE
375.0,Finland,State,FIN
380.0,Sweden,State,SWD
385.0,Norway,State,NOR
390.0,Denmark,State,DEN
395.0,Iceland,State,ICE
402.0,Cape Verde,State,CAP
403.0,Sao Tome and Principe,State,STP
404.0,Guinea-Bissau,State,GNB
411.0,Equatorial Guinea,State,EQG
420.0,Gambia,State,GAM
432.0,Mali,State,MLI
433.0,Senegal,State,SEN
434.0,Benin,State,BEN
4776.0,Benin,Territory,
435.0,Mauritania,State,MAA
436.0,Niger,State,NIR
437.0,Ivory Coast,State,CDI
438.0,Guinea,State,GUI
439.0,Burkina Faso,State,BFO
450.0,Liberia,State,LBR
451.0,Sierra Leone,State,SIE
452.0,Ghana,State,GHA
461.0,Togo,State,TOG
471.0,Cameroon,State,CAO
475.0,Nigeria,State,NIG
481.0,Gabon,State,GAB
482.0,Central African Republic,State,CEN
483.0,Chad,State,CHA
484.0,Congo,State,CON
490.0,Democratic Republic of the Congo,State,DRC
500.0,Uganda,State,UGA
501.0,Kenya,State,KEN
510.0,Tanzania,State,TAZ
511.0,Zanzibar,State,ZAN
516.0,Burundi,State,BUI
517.0,Rwanda,State,RWA
520.0,Somalia,State,SOM
522.0,Djibouti,State,DJI
530.0,Ethiopia,State,ETH
531.0,Eritrea,State,ERI
540.0,Angola,State,ANG
541.0,Mozambique,State,MZM
551.0,Zambia,State,ZAM
552.0,Zimbabwe,State,ZIM
553.0,Malawi,State,MAW
560.0,South Africa,State,SAF
565.0,Namibia,State,NAM
570.0,Lesotho,State,LES
571.0,Botswana,State,BOT
572.0,Swaziland,State,SWA
580.0,Madagascar,State,MAG
581.0,Comoros,State,COM
590.0,Mauritius,State,MAS
591.0,Seychelles,State,SEY
600.0,Morocco,State,MOR
615.0,Algeria,State,ALG
616.0,Tunisia,State,TUN
620.0,Libya,State,LIB
625.0,Sudan,State,SUD
626.0,South Sudan,State,SSD
630.0,Iran,State,IRN
640.0,Turkey,State,TUR
645.0,Iraq,State,IRQ
651.0,Egypt,State,EGY
652.0,Syria,State,SYR
660.0,Lebanon,State,LEB
663.0,Jordan,State,JOR
666.0,Israel,State,ISR
670.0,Saudi Arabia,State,SAU
678.0,Yemen Arab Republic,State,YAR
679.0,Yemen,State,YEM
680.0,Yemen People's Republic,State,YPR
690.0,Kuwait,State,KUW
692.0,Bahrain,State,BAH
694.0,Qatar,State,QAT
696.0,United Arab Emirates,State,UAE
698.0,Oman,State,OMA
700.0,Afghanistan,State,AFG
701.0,Turkmenistan,State,TKM
702.0,Tajikistan,State,TAJ
703.0,Kyrgyzstan,State,KYR
704.0,Uzbekistan,State,UZB
705.0,Kazakhstan,State,KZK
710.0,China,State,CHN
712.0,Mongolia,State,MON
713.0,Taiwan,State,TAW
730.0,Korea,State,KOR
731.0,North Korea,State,PRK
732.0,South Korea,State,ROK
740.0,Japan,State,JPN
750.0,India,State,IND
760.0,Bhutan,State,BHU
770.0,Pakistan,State,PAK
771.0,Bangladesh,State,BNG
775.0,Myanmar,State,MYA
780.0,Sri Lanka,State,SRI
781.0,Maldives,State,MAD
790.0,Nepal,State,NEP
800.0,Thailand,State,THI
811.0,Cambodia,State,CAM
812.0,Laos,State,LAO
816.0,Vietnam,State,DRV
815.0,Vietnam,Territory,
817.0,Republic of Vietnam,State,RVN
820.0,Malaysia,State,MAL
830.0,Singapore,State,SIN
835.0,Brunei,State,BRU
840.0,Philippines,State,PHI
850.0,Indonesia,State,INS
860.0,East Timor,State,ETM
900.0,Australia,State,AUL
910.0,Papua New Guinea,State,PNG
920.0,New Zealand,State,NEW
935.0,Vanuatu,State,VAN
940.0,Solomon Islands,State,SOL
946.0,Kiribati,State,KIR
947.0,Tuvalu,State,TUV
950.0,Fiji,State,FIJ
955.0,Tonga,State,TON
970.0,Nauru,State,NAU
983.0,Marshall Islands,State,MSI
986.0,Palau,State,PAL
987.0,Federated States of Micronesia,State,FSM
990.0,Samoa,State,WSM
9900.0,Samoa,Territory,
3.0,Alaska,Territory,
4.0,Hawaii,Territory,
5.0,Virgin Islands,Territory,
6.0,Puerto Rico,Territory,
7.0,Texas,Territory,
10.0,Greenland,Territory,
11.0,Faeroe Is.,Territory,
21.0,Newfoundland,Territory,
30.0,Bermuda,Territory,
50.0,West Indies Federation,Territory,
59.0,Montserrat,Territory,
65.0,Guadeloupe,Territory,
66.0,Martinique,Territory,
68.0,Netherlands Antilles,Territory,
89.0,United States of Central America,Territory,
96.0,Panama Canal Zone,Territory,
120.0,French Guyana,Territory,
136.0,Bolivia-Peru Confederation,Territory,
1001.0,States of America,Territory,
1002.0,Confederate States of America,Territory,
1003.0,Attu and Kiska,Territory,
1004.0,North Carolina,Territory,
1005.0,Virginia,Territory,
1006.0,Tennessee,Territory,
1007.0,Arkansas,Territory,
1008.0,Florida,Territory,
1009.0,South Carolina (Palmetto Republic),Territory,
1011.0,Alabama,Territory,
1012.0,Mississippi,Territory,
1013.0,Louisana,Territory,
1014.0,California (Great Bear Republic),Territory,
1015.0,Cherokee,Territory,
1016.0,Oregon Country,Territory,
1017.0,Eastern Greenland,Territory,
1018.0,U.S. Leased Bases in Newfoundland,Territory,
1019.0,Rupert's Land,Territory,
1020.0,San Juan Island,Territory,
1021.0,Cape Breton I.,Territory,
1022.0,Nova Scotia,Territory,
1023.0,New Brunswick,Territory,
1024.0,Prince Edward Is.,Territory,
1025.0,Quebec (Lower Canada),Territory,
1026.0,Ontario (Upper Canada),Territory,
1027.0,British Columbia,Territory,
1028.0,Vancouver,Territory,
1029.0,St. Pierre and Miquelon,Territory,
1030.0,U.S. Leased Bases in Bermuda,Territory,
1031.0,Mayaguana,Territory,
1032.0,Turks and Caicos Is.,Territory,
1033.0,Cayman Is.,Territory,
1040.0,Guantanamo,Territory,
1041.0,North Haiti,Territory,
1044.0,Navassa I.,Territory,
1049.0,Tobago,Territory,
1051.0,U.S. Leased Bases in Jamaica,Territory,
1052.0,U.S. Leased Bases in Trinidad,Territory,
1055.0,Windward Is.,Territory,
1056.0,Gros Islet Bay,Territory,
1058.0,Barbuda,Territory,
1059.0,U.S. Leased Bases in Antigua,Territory,
1061.0,British Virgin Is.,Territory,
1062.0,Anguilla,Territory,
1063.0,Leeward Is.,Territory,
1064.0,St. Barthelemy,Territory,
1065.0,Curacao,Territory,
1066.0,Bonaire,Territory,
1067.0,Saba,Territory,
1068.0,Sint Eustatius,Territory,
1069.0,Aruba,Territory,
1070.0,Viceroyalty of New Spain,Territory,
1071.0,Yucatan,Territory,
1072.0,Revillagigedo Is,Territory,
1073.0,Sint Martin,Territory,
1074.0,Dutch Windward Is.,Territory,
1075.0,St.Kitts,Territory,
1076.0,Nevis,Territory,
1081.0,Mosquito Coast,Territory,
1082.0,Bay Is.,Territory,
1087.0,Swan Is.,Territory,
1088.0,Corn Is.,Territory,
1094.0,Cocos I.,Territory,
1097.0,Panama Canal Operating Area,Territory,
1101.0,Quita Sueno Bank,Territory,
1102.0,Roncador Cay,Territory,
1103.0,Serrana Bank,Territory,
1104.0,Serranilla Bank,Territory,
1105.0,San Andres and Providincial Is.,Territory,
1106.0,Malpelo I.,Territory,
1111.0,Aves I.,Territory,
1112.0,U.S. Leased Bases in Br. Guiana,Territory,
1113.0,Demerara and Essequibo,Territory,
1114.0,Berbice,Territory,
1135.0,Viceroyalty of Peru,Territory,
1151.0,Easter I.,Territory,
1152.0,Free Surinam (Juan Fernandez I.),Territory,
1153.0,San Felix and San Ambrosio,Territory,
1154.0,Sala y Gomez,Territory,
1156.0,Araucania,Territory,
1160.0,Viceroyalty of La Plata,Territory,
1161.0,Buenos Aires,Territory,
1162.0,Cordoba,Territory,
1163.0,Falkland Is.,Territory,
1164.0,South Georgia,Territory,
1165.0,South Georgia and South Sandwich Is.,Territory,
1166.0,San Juan,Territory,
1167.0,Corrientes,Territory,
1168.0,Martin Garcia I.,Territory,
1201.0,Inini,Territory,
1301.0,Galapagos Is.,Territory,
1352.0,Chincha Is.,Territory,
1401.0,Rio Grande do Sul,Territory,
1402.0,Juliana Republic,Territory,
1407.0,Acre,Territory,
1408.0,St. Paul's Rocks,Territory,
1409.0,Trinidade Island,Territory,
231.0,Gibraltar,Territory,
241.0,Anhalt Dessau,Territory,
242.0,Anhalt Cothen,Territory,
243.0,Anhalt Bernburg,Territory,
244.0,Brunswick,Territory,
246.0,Bremen,Territory,
247.0,Frankfurt,Territory,
248.0,Hamburg,Territory,
250.0,Hohenzollern Hechingen,Territory,
251.0,Hohenzollern Sigmaringen,Territory,
252.0,Lippe,Territory,
253.0,Mecklenburg Strelitz,Territory,
254.0,Nassau,Territory,
256.0,Saar,Territory,
257.0,Oldenburg,Territory,
258.0,"Reuss, Older Line",Territory,
259.0,"Reuss, Younger Line",Territory,
261.0,Saxe Weimar,Territory,
262.0,Saxe Altenburg,Territory,
264.0,Saxe Coburg,Territory,
266.0,Saxe Meiningen,Territory,
268.0,Schwartzburg Sonderhausen,Territory,
270.0,Schwartzburg Rodolstadt,Territory,
272.0,Waldeck,Territory,
274.0,Schaumburg Lippe,Territory,
276.0,Lubeck,Territory,
291.0,Danzig,Territory,
326.0,Trieste,Territory,
328.0,Vatican City,Territory,
336.0,Lucca,Territory,
351.0,Crete,Territory,
374.0,Transcaucasia (Chechen-Ingush Republic),Territory,
2001.0,Rockall I.,Territory,
2002.0,Lundy,Territory,
2051.0,UK Bases in Ireland,Territory,
2111.0,Moresnet,Territory,
2221.0,Roquebrune and Menton,Territory,
2246.0,Lauenburg,Territory,
2247.0,Schleswig,Territory,
2248.0,Holstein,Territory,
2249.0,Heligoland,Territory,
2251.0,Neuchatel,Territory,
2292.0,Cracow,Territory,
2311.0,Spain-Gibralter Neutral Zone,Territory,
2333.0,Ile des Faisans,Territory,
2481.0,Bergedorf,Territory,
2482.0,Schleswig Plebiscite Zone,Territory,
2551.0,Allenstein Plebiscite Zone,Territory,
2552.0,Marienwerder Plebiscite Zone,Territory,
2553.0,Silesia Plebiscite Zone,Territory,
2556.0,Rhineland,Territory,
2557.0,Ruhr,Territory,
2601.0,West Berlin,Territory,
2661.0,Saxe Hildbourghausen,Territory,
3051.0,Klagenfurt Plebiscite Zone,Territory,
3052.0,Vorarlberg,Territory,
3053.0,Tirol,Territory,
3253.0,Milan,Territory,
3261.0,Republic of St. Mark,Territory,
3271.0,Ancona,Territory,
3291.0,Sicily,Territory,
3316.0,Carpatho-Ukraine,Territory,
3326.0,Venezia-Giulia,Territory,
3327.0,"S.M.O.M. (Sovereign & Military Order of Jerusalem, Rhodes and Malta)",Territory,
3340.0,Scutari,Territory,
3341.0,Saseno,Territory,
3343.0,Fiume,Territory,
3346.0,Zadar (Zara),Territory,
3349.0,Ionian Is.,Territory,
3351.0,Corfu (British Bases in Cyprus),Territory,
3352.0,Turkish  Republic of Northern Cyprus,Territory,
3353.0,Dodecanese Is. (Aegean Is.),Territory,
3354.0,Janina,Territory,
3356.0,Castellorizo,Territory,
3361.0,Moldavia,Territory,
3362.0,Wallachia,Territory,
3363.0,Memel,Territory,
3364.0,North Ingermanland,Territory,
3374.0,Batum,Territory,
3375.0,Daghestan,Territory,
3376.0,Nakhichevan,Territory,
3377.0,Mountaineers' Republic of the North Caucusus (Hango),Territory,
3378.0,Porkkala,Territory,
3379.0,Aland Is.,Territory,
3381.0,Elba,Territory,
3386.0,Svalbard  Is.,Territory,
3387.0,Jan Mayan Is.,Territory,
3451.0,Serb Republic of Krajina,Territory,
3452.0,Serb Republic of Bosnia,Territory,
3461.0,Bosnia,Territory,
3462.0,Herzegovina,Territory,
3471.0,Novi Bazar,Territory,
3481.0,Brda,Territory,
3501.0,Western Thrace,Territory,
3502.0,Mount Athos,Territory,
3503.0,New Greece,Territory,
3504.0,Samos,Territory,
3505.0,Lemnos,Territory,
3521.0,UN Buffer Zone in Cyprus,Territory,
3551.0,Eastern Rumelia,Territory,
3591.0,Transdniestria,Territory,
3601.0,Danube Islands Neutral Zone,Territory,
3661.0,USSR Bases in Estonia,Territory,
3671.0,USSR Bases in Latvia,Territory,
3681.0,USSR Bases in Lithuania,Territory,
3691.0,Western Ukraine,Territory,
3692.0,Northeren Russia,Territory,
3693.0,Republic of the Don,Territory,
3694.0,Odessa,Territory,
3712.0,Republic of Karabakh,Territory,
3721.0,Abkhazia,Territory,
3722.0,South Ossetia,Territory,
3805.0,Sweden-Norway Neutral Zone,Territory,
3901.0,Bornholm I.,Territory,
400.0,Azores (Western Isles),Territory,
401.0,Madeira Isles,Territory,
410.0,Canary Is.,Territory,
412.0,Rio Muni,Territory,
413.0,Fernando Po (Bioko),Territory,
430.0,French West Africa,Territory,
431.0,Mali Federation,Territory,
460.0,German Togoland,Territory,
462.0,British Togoland,Territory,
470.0,Kamerun,Territory,
472.0,British Cameroons,Territory,
480.0,French Equatorial Africa,Territory,
515.0,Rwanda-Urundi,Territory,
521.0,British Somaliland (Somaliland Republic),Territory,
550.0,Federation of Rhodesia and Nyasaland,Territory,
561.0,Cape Colony,Territory,
562.0,Natal,Territory,
563.0,Transvaal,Territory,
564.0,Orange Free State (Orange River Colony),Territory,
566.0,Transkei,Territory,
567.0,Bophuthatswana,Territory,
568.0,Venda,Territory,
569.0,Ciskei,Territory,
585.0,Reunion,Territory,
4041.0,Cacheu,Territory,
4042.0,Bissau,Territory,
4043.0,Oio,Territory,
4050.0,St. Helena,Territory,
4051.0,Longwood,Territory,
4060.0,Tristan da Cunha,Territory,
4070.0,Ascension I.,Territory,
4111.0,Annobon I.,Territory,
4112.0,Corisco I.,Territory,
4201.0,Gambia Protectorate,Territory,
4321.0,Tokolor Empire,Territory,
4322.0,Timbuctu,Territory,
4323.0,Bambuk,Territory,
4324.0,Dinguiray,Territory,
4325.0,Kaarta,Territory,
4326.0,Macina,Territory,
4327.0,Segu,Territory,
4328.0,Sikasso,Territory,
4331.0,Futa Toro,Territory,
4332.0,Futa Bondu,Territory,
4333.0,Cayor,Territory,
4334.0,Rip,Territory,
4335.0,Saloum,Territory,
4336.0,Sine,Territory,
4337.0,Walo,Territory,
4338.0,Goree,Territory,
4341.0,Old Dahomey,Territory,
4342.0,Gun,Territory,
4343.0,Ketu,Territory,
4344.0,Grand Popo,Territory,
4345.0,Ouidah,Territory,
4346.0,Anecho,Territory,
4347.0,Cotonou,Territory,
4348.0,Porto Novo,Territory,
4349.0,Ajuda,Territory,
4351.0,Adrar,Territory,
4352.0,Brakna,Territory,
4353.0,Tagant,Territory,
4354.0,Trarza,Territory,
4361.0,Air,Territory,
4362.0,Zinder,Territory,
4371.0,Odienne,Territory,
4372.0,Grand Bassam,Territory,
4373.0,Assini,Territory,
4381.0,Futa Djallon,Territory,
4382.0,Kankan,Territory,
4391.0,Gurma,Territory,
4392.0,Kong,Territory,
4393.0,Mandinka Empire,Territory,
4394.0,Mamprussi,Territory,
4395.0,Ouga Dougou,Territory,
4396.0,Yatenga,Territory,
4397.0,Busuma,Territory,
4398.0,Riziam,Territory,
4501.0,Maryland,Territory,
4511.0,Sierra Leone Protectorate,Territory,
4512.0,Aku,Territory,
4513.0,Banana Island,Territory,
4514.0,Bumpe,Territory,
4515.0,Koya-Temne,Territory,
4516.0,Shenge (Plantation Island),Territory,
4521.0,Asante,Territory,
4522.0,Adansi,Territory,
4523.0,Akwamu,Territory,
4524.0,Akwapim,Territory,
4525.0,Akyem,Territory,
4526.0,Dagomba,Territory,
4527.0,Denkyira,Territory,
4528.0,Fante,Territory,
4529.0,Ga,Territory,
4531.0,Gonja,Territory,
4532.0,Gyamen,Territory,
4533.0,Wassa,Territory,
4534.0,Danish Posts (Gold Gold Coast),Territory,
4535.0,Dutch Posts (Gold Coast),Territory,
4536.0,Northern Territories,Territory,
4559.0,Gold Coast-Togoland (Neutral Zone),Territory,
4711.0,Bamum (Bamoun),Territory,
4735.0,Kontagora,Territory,
4736.0,Keana,Territory,
4737.0,Fika,Territory,
4738.0,Doma (Gara),Territory,
4741.0,Abuja,Territory,
4742.0,Igala,Territory,
4744.0,Kwararafa,Territory,
4746.0,Yauri,Territory,
4751.0,Sokoto,Territory,
4752.0,Adamawa,Territory,
4753.0,Bauchi,Territory,
4754.0,Gwandu,Territory,
4755.0,Hadejia,Territory,
4756.0,Ilorin,Territory,
4757.0,Kano,Territory,
4758.0,Katsina,Territory,
4759.0,Katagum,Territory,
4761.0,Nupe,Territory,
4762.0,Zaria,Territory,
4764.0,Kanem,Territory,
4765.0,Mandara,Territory,
4766.0,Rabeh,Territory,
4768.0,Egba,Territory,
4769.0,Ibadan,Territory,
4771.0,Ife,Territory,
4772.0,Ijaye,Territory,
4773.0,Ijebu,Territory,
4774.0,Ilesha,Territory,
4775.0,New Oyo,Territory,
4781.0,Lagos,Territory,
4782.0,Oil Rivers Protectorate,Territory,
4783.0,Southern Nigeria,Territory,
4784.0,Northern Nigeria,Territory,
4790.0,Biafra,Territory,
4791.0,Bonny,Territory,
4792.0,0ld Calabar (Efik),Territory,
4793.0,New Calabar (Kalabari),Territory,
4794.0,Opobo,Territory,
4795.0,Nembe (Brass),Territory,
4796.0,Okrika,Territory,
4821.0,Bangassou,Territory,
4822.0,Rafai,Territory,
4823.0,Zemio,Territory,
4831.0,Bagirmi,Territory,
4832.0,Wadai,Territory,
4841.0,Bateke (Anzico),Territory,
4842.0,Loango,Territory,
4901.0,Tibbu Tip Empire,Territory,
4903.0,Kalagne,Territory,
4904.0,Baluba,Territory,
4905.0,Katanga,Territory,
4906.0,Kasai,Territory,
4907.0,Msiri,Territory,
4908.0,Azande,Territory,
4909.0,Mangbetu,Territory,
4910.0,Kuba,Territory,
5001.0,Buganda,Territory,
5002.0,Ankole,Territory,
5003.0,Bunyoro,Territory,
5004.0,Busoga,Territory,
5005.0,Butoro,Territory,
5006.0,Rwenzururu,Territory,
5011.0,Kenya Protectorate,Territory,
5012.0,Mombassa,Territory,
5013.0,Pate,Territory,
5017.0,Vumbu Kuu,Territory,
5018.0,Wanga,Territory,
5101.0,Ha,Territory,
5102.0,Haya,Territory,
5103.0,Hehe,Territory,
5104.0,Karaqwe,Territory,
5105.0,Urambo,Territory,
5106.0,Gwangara,Territory,
5107.0,North Gwangara,Territory,
5108.0,South Gwangara,Territory,
5200.0,Italian Somaliland,Territory,
5201.0,Italian East Africa,Territory,
5202.0,Oltre Giuba,Territory,
5203.0,Alula (Mijerteyn),Territory,
5204.0,Obbia,Territory,
5205.0,Somali Coast Leased Territory,Territory,
5207.0,Mogadishu,Territory,
5208.0,Merka,Territory,
5209.0,Brava,Territory,
5211.0,Warsheikh,Territory,
5221.0,Tadjoura,Territory,
5222.0,Obock,Territory,
5301.0,Amhara,Territory,
5302.0,Gondar,Territory,
5303.0,Shoa,Territory,
5304.0,Tigre,Territory,
5305.0,Gojjam,Territory,
5306.0,Harar,Territory,
5307.0,Jijega Reserve Areas and Haud,Territory,
5309.0,Kaffa,Territory,
5321.0,Enarya (Limmu),Territory,
5322.0,Jimma-Kakka(Jimma Abba Jifar),Territory,
5323.0,Gera,Territory,
5324.0,Goma,Territory,
5325.0,Guma,Territory,
5331.0,Assab,Territory,
5332.0,Awsa Sultanate,Territory,
5401.0,Chokwe,Territory,
5402.0,Ovimbundu,Territory,
5411.0,Kionga,Territory,
5511.0,Citimukulu Bemba,Territory,
5512.0,Mwamba Bemba,Territory,
5513.0,Barotse,Territory,
5515.0,Maseko Ngoni,Territory,
5516.0,Shangane (Gaza Empire),Territory,
5517.0,Kazembe,Territory,
5518.0,Northeastern Rhodesia,Territory,
5519.0,Northwestern Rhodesia,Territory,
5521.0,Rozwi,Territory,
5522.0,Ndebele,Territory,
5523.0,Mashona,Territory,
5524.0,Mbelwa Ngoni,Territory,
5525.0,Mpezeni Ngoni,Territory,
5526.0,Kamanga,Territory,
5531.0,Zwangendaba Ngoni,Territory,
5532.0,Ciwere (Chewa),Territory,
5601.0,Zulu,Territory,
5602.0,Ndandwe,Territory,
5603.0,Mtetwa,Territory,
5606.0,Prince Edward and Marion Is.,Territory,
5611.0,"Griqualand, West",Territory,
5612.0,British Bechuanaland,Territory,
5613.0,Goshen,Territory,
5614.0,British Kaffraria,Territory,
5615.0,Lydenburg Republic,Territory,
5618.0,Zoutpansberg,Territory,
5621.0,Zululand,Territory,
5622.0,New Republic,Territory,
5641.0,"Griqualand, East",Territory,
5642.0,Winburg Republic,Territory,
5651.0,Walvis Bay,Territory,
5711.0,Bamangwato,Territory,
5796.0,Ambohimanga (Merina),Territory,
5797.0,Menabe,Territory,
5798.0,Antemoro,Territory,
5799.0,Boina,Territory,
5801.0,Nossi Be,Territory,
5802.0,Diego Suarez,Territory,
5803.0,St. Marie de Madagascar,Territory,
5804.0,Tromelin I.,Territory,
5805.0,Bassas Da India I.,Territory,
5806.0,Europa I.,Territory,
5807.0,Juan de Nova I.,Territory,
5808.0,Glorioso I.,Territory,
5809.0,Fort Dauphin,Territory,
5811.0,Grand Comoro,Territory,
5812.0,Mayotte,Territory,
5813.0,Anjouan,Territory,
5814.0,Moheli,Territory,
5815.0,Andruna,Territory,
5901.0,Rodrigues I.,Territory,
5902.0,Agalega Is.,Territory,
5903.0,Cargados Carajos Shoals,Territory,
5920.0,British Indian Ocean Territory,Territory,
601.0,Tangier,Territory,
602.0,Spanish Morocco,Territory,
605.0,Ifni,Territory,
609.0,Spanish Sahara,Territory,
610.0,Spanish West Africa,Territory,
665.0,Palestine,Territory,
671.0,Hejaz Sultanate,Territory,
672.0,Asir,Territory,
673.0,Al Hasa,Territory,
674.0,Jabal Shammar,Territory,
681.0,Aden,Territory,
6001.0,Udja,Territory,
6021.0,Southern zone of Spanish Morocco,Territory,
6023.0,Republic of the Rif,Territory,
6030.0,Tetuan,Territory,
6061.0,Alhucemas,Territory,
6062.0,Ceuta,Territory,
6063.0,Chafarinas,Territory,
6064.0,Melilla,Territory,
6065.0,Penon de Velez,Territory,
6066.0,Morocco-Melilla Neutral Zone,Territory,
6067.0,Captaincy-general of north Africa,Territory,
6151.0,Kaderist Algeria,Territory,
6152.0,Kabylie,Territory,
6153.0,Leased Posts in Algeria,Territory,
6161.0,Bizerte,Territory,
6201.0,Sanussid Cyrenaica,Territory,
6202.0,Cyrenaica,Territory,
6203.0,Tripolitania,Territory,
6251.0,Darfur,Territory,
6252.0,Funj Sultanate,Territory,
6253.0,Kordofan,Territory,
6254.0,Mahdist Empire,Territory,
6255.0,Shilluk,Territory,
6301.0,Mahabad,Territory,
6302.0,Iranian Azerbaijan,Territory,
6303.0,Gilan,Territory,
6304.0,Khuzestan,Territory,
6305.0,Bushire,Territory,
6306.0,Bandar Abbas,Territory,
6309.0,Kharg I.,Territory,
6401.0,Cilicia,Territory,
6402.0,Western Anatolia,Territory,
6403.0,Hatay (Alexandretta),Territory,
6404.0,Adalia,Territory,
6405.0,Dardanelles-Istanbul,Territory,
6451.0,Iraq-Saudi Arabia Neutral Zone,Territory,
6452.0,Iraq Occupation Zone,Territory,
6453.0,Iraq-Kuwait Demilitarized Zone,Territory,
6454.0,Kurdistan Occupation Zone,Territory,
6511.0,Gaza,Territory,
6512.0,Sinai,Territory,
6513.0,Sinai Demilitarized Zones,Territory,
6514.0,Suez Canal Zone,Territory,
6521.0,Golan Heights,Territory,
6522.0,Golan Heights Demilitarized Zone,Territory,
6523.0,Rouad I.,Territory,
6524.0,Damascus,Territory,
6525.0,Aleppo,Territory,
6526.0,Latakia (Alaouites),Territory,
6527.0,Jebel Druze,Territory,
6601.0,South Lebanon Security Zone (Free State of South Lebanon),Territory,
6631.0,West Bank,Territory,
6632.0,Israel-Jordan Neutral Zone,Territory,
6661.0,Al Auja,Territory,
6800.0,Socotra I.,Territory,
6801.0,Federation of South Arabia,Territory,
6802.0,Perim I.,Territory,
6811.0,West Aden Protectorate,Territory,
6812.0,East Aden Protectorate,Territory,
6821.0,Lahej,Territory,
6822.0,Aqrabi,Territory,
6823.0,Dhala,Territory,
6824.0,Radfan,Territory,
6825.0,Alawi,Territory,
6826.0,Haushabi,Territory,
6827.0,Maflahi,Territory,
6828.0,Shaibi,Territory,
6829.0,Upper Yafai,Territory,
6831.0,Lower Yafai,Territory,
6832.0,Fadhli,Territory,
6833.0,Beihan,Territory,
6834.0,Audhali,Territory,
6835.0,Upper Aulaqi (Sultanate),Territory,
6836.0,Upper Aulaqi (Sheikhdom),Territory,
6837.0,Lower Aulaqi,Territory,
6838.0,Dathina Confederation,Territory,
6841.0,Wahidi,Territory,
6842.0,Haura,Territory,
6843.0,Irqa,Territory,
6844.0,Kathiri of Saiun,Territory,
6845.0,Quaiti of Shihr and Mukalla,Territory,
6846.0,Mahri of Qishn and Socotra,Territory,
6901.0,Neutral Zone (Kuwait-Saudi Arabia),Territory,
6959.0,Buraimi Neutral Zone,Territory,
6961.0,Abu Dhabi,Territory,
6962.0,Dubai,Territory,
6963.0,Sharjah,Territory,
6964.0,Kalba,Territory,
6965.0,Ajman,Territory,
6966.0,Umm al Qawain,Territory,
6967.0,Ras al Khaimah,Territory,
6968.0,Fujairah,Territory,
6969.0,Abu Dhabi-Dubai Neutral Zone,Territory,
6971.0,Abu Musa I.,Territory,
6981.0,Inner Oman,Territory,
6982.0,Kuria Muria Is.,Territory,
6983.0,Oman-Sharjah Neutral Zone,Territory,
711.0,Manchukuo,Territory,
720.0,Hong Kong,Territory,
721.0,Macao,Territory,
735.0,Far Eastern Republic,Territory,
741.0,Ryukyu Is.,Territory,
751.0,French India,Territory,
752.0,"Portuguese India (incl. Goa, Diu, Daman)",Territory,
761.0,Sikkim,Territory,
810.0,French Indochina,Territory,
821.0,Federated Malay States,Territory,
823.0,Sabah (North Borneo),Territory,
824.0,Sarawak,Territory,
827.0,Straits Settlements,Territory,
851.0,West Irian (Dutch New Guinea),Territory,
7001.0,Kabul,Territory,
7002.0,Kandahar,Territory,
7003.0,Herat,Territory,
7004.0,Badakhshan,Territory,
7010.0,Kokand,Territory,
7020.0,Bokhara,Territory,
7030.0,Khiva,Territory,
7040.0,Kazakh Lesser Horde,Territory,
7050.0,Kazakh Middle Horde,Territory,
7060.0,Kazakh Horde of Bukey,Territory,
7070.0,Kazakh Greater Horde,Territory,
7100.0,Spratley Is.,Territory,
7101.0,Ping-nan,Territory,
7102.0,Jungaria,Territory,
7103.0,Kashgaria,Territory,
7104.0,Kwangtung Territory (Leased),Territory,
7105.0,Weihaiwei,Territory,
7106.0,Tientsin,Territory,
7107.0,Anhwei-Fukien,Territory,
7108.0,Yangtze Valley,Territory,
7109.0,Yunnan,Territory,
7110.0,Kwanchowan,Territory,
7111.0,Manchuria,Territory,
7112.0,Szechwan (Sichuan),Territory,
7113.0,Chinghai (Tsinghai),Territory,
7114.0,Xinjiang (Sinkiang),Territory,
7115.0,Provisional Government of the Republic of China,Territory,
7116.0,Reformed Government of China,Territory,
7121.0,Inner Mongolia,Territory,
7131.0,Diaoyu (Senkaku) Is.,Territory,
7220.0,Kiauchau,Territory,
7301.0,Ko-mun I.,Territory,
7330.0,Korean Demilitarized Zone,Territory,
7351.0,Southern Sakhalin I.,Territory,
7352.0,Vladivostok,Territory,
7360.0,Tuvinian People's Republic,Territory,
7399.0,Takeshima (Dokko) I.,Territory,
7411.0,Bonin Is.,Territory,
7412.0,Volcano Is.,Territory,
7413.0,Marcus I.,Territory,
7414.0,Parece Vela I.,Territory,
7415.0,Tsushima Is.,Territory,
7501.0,Andaman and Nicobar Is.,Territory,
7502.0,Nicobar Is.,Territory,
7503.0,Coromandel Coast Posts,Territory,
7504.0,Tranquebar and Serampore,Territory,
7505.0,Hyderabad,Territory,
7507.0,Kashmir,Territory,
7511.0,Bikaner,Territory,
7512.0,Jaipur,Territory,
7513.0,Udaipur,Territory,
7514.0,Kishangarh,Territory,
7515.0,Lawa,Territory,
7516.0,Jodhpur,Territory,
7517.0,Jaisalmer,Territory,
7518.0,Dholpur,Territory,
7519.0,Karauli,Territory,
7521.0,Kotah,Territory,
7522.0,Banswara,Territory,
7523.0,Dungarpur,Territory,
7524.0,Dartabgarh,Territory,
7525.0,Kushalgar,Territory,
7526.0,Bundi,Territory,
7527.0,Tonk,Territory,
7528.0,Partabgarh,Territory,
7529.0,Shahpura,Territory,
7531.0,Katiawar,Territory,
7532.0,Holkar,Territory,
7533.0,Bhopal,Territory,
7535.0,Dewas,Territory,
7536.0,Taora,Territory,
7537.0,Samptar,Territory,
7538.0,Rewa,Territory,
7539.0,Sawant-Wari,Territory,
7541.0,Bilaspur,Territory,
7542.0,Loharu,Territory,
7543.0,Malerkotla,Territory,
7544.0,Sirmur,Territory,
7545.0,Suket,Territory,
7546.0,Garwahl,Territory,
7547.0,Indore,Territory,
7548.0,Baghelkand,Territory,
7549.0,Bundelkand,Territory,
7551.0,Malwah,Territory,
7552.0,Khaipur,Territory,
7553.0,Idar,Territory,
7554.0,Saugor,Territory,
7555.0,Damoh,Territory,
7556.0,Berar,Territory,
7557.0,Khandesh,Territory,
7558.0,Nasik,Territory,
7559.0,Ahmadnagar,Territory,
7561.0,Poona,Territory,
7562.0,Sholapur,Territory,
7563.0,Ratnagiri,Territory,
7564.0,Bijapur,Territory,
7566.0,Travancore,Territory,
7570.0,Junagadh,Territory,
7571.0,Sirohi,Territory,
7572.0,Assam,Territory,
7573.0,Kapurthala,Territory,
7574.0,Chota Nagpur,Territory,
7575.0,Coorg,Territory,
7576.0,Carnul,Territory,
7577.0,Sambalpur,Territory,
7578.0,Satara,Territory,
7579.0,Gwalior (Sindhia),Territory,
7581.0,Jhansi,Territory,
7582.0,Raipur,Territory,
7583.0,Jubbelpore,Territory,
7584.0,Balagha,Territory,
7585.0,Nagpur,Territory,
7586.0,Oudh,Territory,
7587.0,Manipur,Territory,
7588.0,Baluchistan (Kalat),Territory,
7691.0,Lahore (Sikhs),Territory,
7692.0,Peshawar,Territory,
7693.0,Sind,Territory,
7694.0,Bahawalpur,Territory,
7701.0,Swat,Territory,
7702.0,Hunza,Territory,
7703.0,Nagar,Territory,
7704.0,Chitral,Territory,
7705.0,Dir,Territory,
7706.0,Amb,Territory,
7707.0,Gwadar,Territory,
7708.0,Azad Kashmir,Territory,
7709.0,Northern Areas (of Kashmir),Territory,
7712.0,Tin Bigha,Territory,
7745.0,Kantarawadi,Territory,
7746.0,Bawlake,Territory,
7747.0,Kyebogyi,Territory,
7748.0,Nawng Palai,Territory,
7749.0,Nammekon,Territory,
7751.0,Hsipaw,Territory,
7752.0,Tawngpeng,Territory,
7753.0,North Hsen Wi,Territory,
7754.0,South Hsen Wi,Territory,
7755.0,Manglum,Territory,
7756.0,Hsamonghkam,Territory,
7757.0,Kyawkku,Territory,
7758.0,Kyong,Territory,
7759.0,Loi Ai,Territory,
7760.0,Loi Long,Territory,
7761.0,Loi Maw,Territory,
7762.0,Maw,Territory,
7763.0,Mawnang,Territory,
7764.0,Mawson,Territory,
7765.0,Namhkai,Territory,
7766.0,Namtok,Territory,
7767.0,Pangmi,Territory,
7768.0,Pangtara,Territory,
7769.0,Pwela,Territory,
7770.0,Yengan,Territory,
7771.0,Yawnghwe,Territory,
7772.0,Lawksawk,Territory,
7773.0,Wanyin,Territory,
7774.0,Samka,Territory,
7775.0,Hsahtung,Territory,
7776.0,Hopong,Territory,
7777.0,Namhkok,Territory,
7778.0,Mong Pai,Territory,
7779.0,Nawng Wawn,Territory,
7780.0,Sakoi,Territory,
7781.0,Lai Hka,Territory,
7782.0,Mong Kung,Territory,
7783.0,Mong Nai,Territory,
7784.0,Mawkmai,Territory,
7785.0,Mong Pawn,Territory,
7786.0,Mong Sit,Territory,
7787.0,Mong Pan,Territory,
7788.0,Kenghkam,Territory,
7789.0,Mong Nawng,Territory,
7790.0,Kehsi Mansam,Territory,
7791.0,Keng Lon,Territory,
7792.0,Mong Hsu,Territory,
7793.0,Keng Tung,Territory,
7794.0,Hswanghsup,Territory,
7795.0,Singkaling Hkamti,Territory,
7796.0,Mong Mit,Territory,
7797.0,Hkamti Long,Territory,
7798.0,Karen-ni West,Territory,
7799.0,Karen-ni East,Territory,
7806.0,Jaffna Peninsula,Territory,
7910.0,Tibet,Territory,
8001.0,Chiang Mai (Lan-na),Territory,
8002.0,Pattani,Territory,
8121.0,Vientiane,Territory,
8122.0,Luang Prabang (Lan Sang),Territory,
8123.0,Chien Khouang,Territory,
8124.0,Champassak,Territory,
8151.0,Cochin China,Territory,
8152.0,Annam,Territory,
8153.0,Tonkin,Territory,
8171.0,Paracel Is.,Territory,
8201.0,Perak,Territory,
8202.0,Selangore,Territory,
8203.0,Pahang,Territory,
8210.0,Negri Sembilan,Territory,
8211.0,Songei Ujong,Territory,
8212.0,Rambau,Territory,
8213.0,Sri Menati,Territory,
8214.0,Ulu Muar,Territory,
8215.0,Jempol,Territory,
8216.0,Johol,Territory,
8217.0,Tampin,Territory,
8221.0,Johore,Territory,
8222.0,Kedah,Territory,
8223.0,Kelantan,Territory,
8224.0,Perlis,Territory,
8225.0,Trengganu,Territory,
8231.0,Labuan I.,Territory,
8271.0,Malacca,Territory,
8272.0,Penang,Territory,
8401.0,Sulu Sultanate,Territory,
8402.0,Bohol,Territory,
8525.0,Sambas,Territory,
8531.0,Atjeh,Territory,
8532.0,Deli,Territory,
8533.0,Siak,Territory,
8534.0,Menangkabau,Territory,
8535.0,Bkulen,Territory,
8536.0,Jambi,Territory,
8537.0,Palembang,Territory,
8538.0,Kutei,Territory,
8539.0,Torjaja,Territory,
8541.0,Bali,Territory,
8542.0,Lombok,Territory,
8543.0,Banjermassin,Territory,
8544.0,Riau,Territory,
8545.0,Angkola,Territory,
8546.0,Mandailing,Territory,
8547.0,Tapanuli,Territory,
8548.0,Lampong,Territory,
8549.0,Buni,Territory,
8551.0,Indrapuna,Territory,
8552.0,Bone,Territory,
8553.0,Gowa,Territory,
8554.0,Luwu,Territory,
8555.0,Bencoolen,Territory,
8560.0,Buleleng,Territory,
8561.0,Jembrana,Territory,
901.0,New South Wales,Territory,
902.0,Western Australia,Territory,
903.0,South Australia,Territory,
904.0,Victoria,Territory,
905.0,Queensland,Territory,
906.0,Tasmania,Territory,
911.0,Papua,Territory,
912.0,New Guinea (German New Guinea) (KaiserWilhelmsland),Territory,
925.0,Cook Is.,Territory,
930.0,New Caledonia and Dependencies,Territory,
945.0,Gilbert and Ellice Is.,Territory,
960.0,French Polynesia,Territory,
980.0,U. S. Pacific Trust Territories,Territory,
984.0,Northern Marianas Is.,Territory,
985.0,Guam,Territory,
991.0,American Samoa,Territory,
9001.0,Christmas I.,Territory,
9452.0,Christmas I.,Territory,
9002.0,Cocos (Keeling) Is.,Territory,
9003.0,Coral Sea Is.,Territory,
9004.0,Norfolk I.,Territory,
9005.0,Heard and McDonald Is.,Territory,
9006.0,Macquarie I.,Territory,
9007.0,Lord Howe I.,Territory,
9008.0,Ashmore and Cartier Is,Territory,
9101.0,Republic of the Northern Solomons,Territory,
9102.0,Bougainville,Territory,
9201.0,Tokelau Is.,Territory,
9202.0,Kermadec Is.,Territory,
9203.0,Chatham Is.,Territory,
9204.0,Bounty Is.,Territory,
9205.0,Auckland Is.,Territory,
9206.0,Campbell I.,Territory,
9251.0,Rarotonga,Territory,
9252.0,Northern Cook Is.,Territory,
9253.0,Niue I.,Territory,
9301.0,Chesterfield Is.,Territory,
9321.0,Wallis and Futuna Is.,Territory,
9322.0,Uvea,Territory,
9323.0,Tua (Singave),Territory,
9324.0,Alo,Territory,
9351.0,Vemarana (Espiritu Santo),Territory,
9401.0,German Solomon Is.,Territory,
9451.0,Ocean I.,Territory,
9453.0,Fanning I.,Territory,
9454.0,Washington I.,Territory,
9461.0,Canton and Enderbury Is.,Territory,
9462.0,Malden I.,Territory,
9463.0,Starbuck I.,Territory,
9464.0,Vostok I.,Territory,
9465.0,Flint I.,Territory,
9466.0,Caroline I.,Territory,
9501.0,Rotuma I.,Territory,
9551.0,Vava'u,Territory,
9552.0,Tongatapu,Territory,
9553.0,Ha'apai,Territory,
9601.0,Society Is.,Territory,
9602.0,Marquesas Is.,Territory,
9603.0,Tuamotu Is.,Territory,
9604.0,Gambier Is.,Territory,
9605.0,Tubuai Is. (Austral Is.),Territory,
9606.0,Tahiti,Territory,
9610.0,Clipperton I.,Territory,
9620.0,Pitcairn Is.,Territory,
9621.0,Ducie I.,Territory,
9720.0,Wake I.,Territory,
9730.0,Midway Is.,Territory,
9740.0,Palmyra Is.,Territory,
9750.0,Johnston I.,Territory,
9760.0,Kingman Reef,Territory,
9770.0,Howland I.,Territory,
9771.0,Baker I.,Territory,
9772.0,Jarvis I.,Territory,
9810.0,Caroline Is.,Territory,
9820.0,Mariana Is.,Territory,
9960.0,Australian Antarctic Territory,Territory,
9970.0,French and Southern Antarctic Territories (F.S.A.T.),Territory,
9971.0,Adelie Land,Territory,
9972.0,St. Paul and New Amsterdam Is.,Territory,
9973.0,Kerguelen Is.,Territory,
9974.0,Crozet Is.,Territory,
9980.0,British Antarctic Territory,Territory,
9981.0,Palmer Antarctic Territory,Territory,
9982.0,South Orkney Is.,Territory,
9983.0,South Shetland Is.,Territory,
9984.0,South Sandwich Is.,Territory,
9985.0,Argentine Antarctica,Territory,
9986.0,Chilean Antarctica,Territory,
9987.0,Neu Schwabenland,Territory,
9991.0,Peter I I.,Territory,
9993.0,Bouvet I.,Territory,
10000.0,Te Rauparaha's Ngati Toa,NonState Group,
10001.0,Shaka Zulu,NonState Group,
10002.0,Burma,NonState Group,
10003.0,Hongi Hika's Nga Phuhi,NonState Group,
10004.0,Conservative Confederation,NonState Group,
10005.0,Viang Chan,NonState Group,
10006.0,Unitarians,NonState Group,
10007.0,Sayyid Said,NonState Group,
10008.0,Boer Trekkers,NonState Group,
10009.0,Persia,NonState Group,
10010.0,Anti-Rosas Allies,NonState Group,
10011.0,Conservatives,NonState Group,
10012.0,Jammu,NonState Group,
10013.0,Santo Domingo,NonState Group,
10014.0,Taiping rebels,NonState Group,
10015.0,al-Hajj Umar's Tukulor army,NonState Group,
10016.0,Han,NonState Group,
10017.0,Mbuyazi faction,NonState Group,
10018.0,Kucha,NonState Group,
10019.0,Basuto,NonState Group,
10020.0,Umar Tal,NonState Group,
10021.0,Regional governments,NonState Group,
10022.0,Aborigines,NonState Group,
10023.0,Orange Free State,NonState Group,
10024.0,Tigray,NonState Group,
10025.0,Blancos,NonState Group,
10026.0,Cetewayo faction,NonState Group,
10027.0,German East Africa Company,NonState Group,
10028.0,Rabah,NonState Group,
10029.0,Nejd,NonState Group,
10030.0,Muslims,NonState Group,
10031.0,Telenganans,NonState Group,
10032.0,Arabs,NonState Group,
10033.0,Communists,NonState Group,
10034.0,Hutu,NonState Group,
10035.0,Dhofar,NonState Group,
10036.0,MPLA,NonState Group,
10037.0,Fretilin,NonState Group,
10038.0,Hemda,NonState Group,
10039.0,Khoja,NonState Group,
10040.0,military,NonState Group,
10041.0,Apodeti,NonState Group,
10042.0,Taranaki,NonState Group,
10043.0,Bantu,NonState Group,
10044.0,Provinces,NonState Group,
10045.0,Ngati Paoa,NonState Group,
10046.0,Muslim rebels,NonState Group,
10047.0,Yaqui Indians,NonState Group,
10048.0,Liberals,NonState Group,
10049.0,Siam,NonState Group,
10050.0,Gran Colombia,NonState Group,
10051.0,Mombasa,NonState Group,
10052.0,Ranqueles Indians,NonState Group,
10053.0,Matabele,NonState Group,
10054.0,Peru-Bolivia Confederation,NonState Group,
10055.0,Rosas Federalist Army,NonState Group,
10056.0,Haitians,NonState Group,
10057.0,Malinke,NonState Group,
10058.0,Dards,NonState Group,
10059.0,Miao,NonState Group,
10060.0,Santo-Domingo,NonState Group,
10061.0,Nian,NonState Group,
10062.0,Yunnan Muslims,NonState Group,
10063.0,Cetshwayo faction,NonState Group,
10064.0,Boers,NonState Group,
10065.0,Provincial armies,NonState Group,
10066.0,Bambara,NonState Group,
10067.0,Transvaal government,NonState Group,
10068.0,White Settlers,NonState Group,
10069.0,Colorados,NonState Group,
10070.0,Zibelu faction,NonState Group,
10071.0,Ibadi,NonState Group,
10072.0,Mahdist army,NonState Group,
10073.0,Bornu,NonState Group,
10074.0,Hejaz,NonState Group,
10075.0,Hindus,NonState Group,
10076.0,Razakars,NonState Group,
10077.0,Zionists,NonState Group,
10078.0,Tutsi,NonState Group,
10079.0,FLNA,NonState Group,
10080.0,UDT,NonState Group,
10081.0,Lendu,NonState Group,
10082.0,Ngai Tahu,NonState Group,
10083.0,Ngati Maru,NonState Group,
10084.0,Swahili,NonState Group,
10085.0,Sikhs,NonState Group,
10086.0,UNITA,NonState Group,
10087.0,Waikato,NonState Group,
10088.0,Waikato River Maori,NonState Group,
10089.0,Ngati Ira,NonState Group,
10090.0,Te Arawa,NonState Group,
10091.0,Rangitikei,NonState Group,
10092.0,Sidon,NonState Group,
10093.0,Palestinians,NonState Group,
10094.0,Egypt & Bashir,NonState Group,
10095.0,Lebanese Maronites,NonState Group,
10096.0,Maronites,NonState Group,
10097.0,Mayans,NonState Group,
10098.0,Santee Sioux,NonState Group,
10099.0,Ukraine Poles,NonState Group,
10100.0,Socialists,NonState Group,
10101.0,Anhui army,NonState Group,
10102.0,Blackshirts,NonState Group,
10103.0,Chihli army,NonState Group,
10104.0,Feng Yu-Lxiang army,NonState Group,
10105.0,Red Guard,NonState Group,
10106.0,ELF,NonState Group,
10107.0,Lebanese Forces,NonState Group,
10108.0,Inkatha,NonState Group,
10109.0,Garang faction,NonState Group,
10110.0,Jukun,NonState Group,
10111.0,PUK,NonState Group,
10112.0,Laskar Jihad,NonState Group,
10113.0,Christian Tarok,NonState Group,
10114.0,Anyuaa,NonState Group,
10115.0,"Georgians, Dhagestania, Chechens",NonState Group,
10116.0,Damascus & Aleppo,NonState Group,
10117.0,Royalists,NonState Group,
10118.0,Carbonari,NonState Group,
10119.0,Greeks,NonState Group,
10120.0,Mehdi army,NonState Group,
10121.0,Janissaries,NonState Group,
10122.0,Constitutionalists,NonState Group,
10123.0,Ghazi Muhammad,NonState Group,
10124.0,Albanians,NonState Group,
10125.0,Belgians,NonState Group,
10126.0,Hadendowa,NonState Group,
10127.0,Poles,NonState Group,
10128.0,Egyptians & Bashir,NonState Group,
10129.0,Carlists,NonState Group,
10130.0,Shamil,NonState Group,
10131.0,Cabanos,NonState Group,
10132.0,Farrapos,NonState Group,
10133.0,Texans,NonState Group,
10134.0,Bosnians,NonState Group,
10135.0,Bahian Sabinada,NonState Group,
10136.0,Druze,NonState Group,
10137.0,Amir Bashir & Egypt,NonState Group,
10138.0,Progressives,NonState Group,
10139.0,Unitarios,NonState Group,
10140.0,Military,NonState Group,
10141.0,Karbala,NonState Group,
10142.0,Yucutan,NonState Group,
10143.0,Paez led Conservatives,NonState Group,
10144.0,Viennese,NonState Group,
10145.0,Radicals,NonState Group,
10146.0,Yucatan Maya,NonState Group,
10147.0,Montenegro & Hercegovina,NonState Group,
10148.0,Puebla,NonState Group,
10149.0,Montenegrins,NonState Group,
10150.0,Taipings,NonState Group,
10151.0,Niens,NonState Group,
10152.0,Miaos,NonState Group,
10153.0,Muslims (Hui),NonState Group,
10154.0,Confederacy,NonState Group,
10155.0,Muslims  in Sinkiang,NonState Group,
10156.0,Settlers & militia,NonState Group,
10157.0,Gregorio Perez's followers,NonState Group,
10158.0,Montoneros,NonState Group,
10159.0,Cretans,NonState Group,
10160.0,Zhang Jizhong's followers,NonState Group,
10161.0,Tokugawa,NonState Group,
10162.0,Black peasants,NonState Group,
10163.0,Entre Rios Province,NonState Group,
10164.0,Crillos,NonState Group,
10165.0,Communards,NonState Group,
10166.0,Rebel cities (cantons),NonState Group,
10167.0,Mitre led Rebels,NonState Group,
10168.0,Bosnia & Bulgaria,NonState Group,
10169.0,Rebels,NonState Group,
10170.0,Satsumas,NonState Group,
10171.0,Indians,NonState Group,
10172.0,Zaidi Imam,NonState Group,
10173.0,Congressists,NonState Group,
10174.0,Zaili & Jindan Sects,NonState Group,
10175.0,Naval Royalists,NonState Group,
10176.0,Tonghak Society,NonState Group,
10177.0,liberal caudillos,NonState Group,
10178.0,Gansu Muslims,NonState Group,
10179.0,Cretan Muslims,NonState Group,
10180.0,Canudos,NonState Group,
10181.0,Castro Led Rebels,NonState Group,
10182.0,Matos Led Rebels,NonState Group,
10183.0,IMRO Rebels,NonState Group,
10184.0,Imam Yahya's forces,NonState Group,
10185.0,Workers/Peasants,NonState Group,
10186.0,Peasants,NonState Group,
10187.0,Mulai el-Hafid,NonState Group,
10188.0,Anti-government troops,NonState Group,
10189.0,Yemen & Asir Imam Ibn Idris & Sayyid Muhammad,NonState Group,
10190.0,Liberals & Radicals,NonState Group,
10191.0,Nat. Rel. Alliance,NonState Group,
10192.0,Patri do Indepentente,NonState Group,
10193.0,Esmeraldas province,NonState Group,
10194.0,Republicans,NonState Group,
10195.0,Pai-Lings,NonState Group,
10196.0,Conventionists,NonState Group,
10197.0,Yunnan Rebels,NonState Group,
10198.0,Kirghiz & Kazaks,NonState Group,
10199.0,Anti-Bolsheviks,NonState Group,
10200.0,Ukrainians,NonState Group,
10201.0,German Freikorps,NonState Group,
10202.0,Anti-Communists,NonState Group,
10203.0,Chihli & Fengtien,NonState Group,
10204.0,Peasants in Ta,NonState Group,
10205.0,SSRI,NonState Group,
10206.0,Leftists,NonState Group,
10207.0,Sailors,NonState Group,
10208.0,Basmachi/Enver Pasha,NonState Group,
10209.0,Fengtien army,NonState Group,
10210.0,Agrarian League,NonState Group,
10211.0,Huerta Led Rebels,NonState Group,
10212.0,Khost rebels (anti-reformists),NonState Group,
10213.0,Chang Tso-lin army,NonState Group,
10214.0,Guomindang,NonState Group,
10215.0,Cristeros,NonState Group,
10216.0,Northern Resistance,NonState Group,
10217.0,Habibullah (anti-reformists),NonState Group,
10218.0,War Lords,NonState Group,
10219.0,Escobar Led Rebels,NonState Group,
10220.0,Ikhwan,NonState Group,
10221.0,Central Asian Rebels,NonState Group,
10222.0,Aprista Rebels,NonState Group,
10223.0,Paolistas,NonState Group,
10224.0,19th Route Army,NonState Group,
10225.0,Asturian Miners,NonState Group,
10226.0,Falange,NonState Group,
10227.0,UPA,NonState Group,
10228.0,Baltic Guerillas,NonState Group,
10229.0,Taiwanese,NonState Group,
10230.0,Anti-Imam Coalition,NonState Group,
10231.0,National Union Party,NonState Group,
10232.0,Karens & Communists,NonState Group,
10233.0,Moluccans,NonState Group,
10234.0,Huks,NonState Group,
10235.0,Darul Islam,NonState Group,
10236.0,Khamba Tibetans,NonState Group,
10237.0,National Front,NonState Group,
10238.0,Castroites,NonState Group,
10239.0,Shammar Tribe & Pro-WesternOfficers,NonState Group,
10240.0,NLF,NonState Group,
10241.0,Katanga & Leftists,NonState Group,
10242.0,Pathet Lao,NonState Group,
10243.0,Kurds,NonState Group,
10244.0,ALN,NonState Group,
10245.0,Ogaden,NonState Group,
10246.0,Anya Nya,NonState Group,
10247.0,Juenesse warriors,NonState Group,
10248.0,Watusi,NonState Group,
10249.0,Gbenye followers,NonState Group,
10250.0,Africans,NonState Group,
10251.0,"OPM, West Papua",NonState Group,
10252.0,Buganda Tribe,NonState Group,
10253.0,Frolinat Rebels,NonState Group,
10254.0,Regional military,NonState Group,
10255.0,Biafrans,NonState Group,
10256.0,Naxalite Marxists,NonState Group,
10257.0,Bengalis,NonState Group,
10258.0,Janatha Vimukthi- JVP,NonState Group,
10259.0,Khmer Rouge,NonState Group,
10260.0,MNLF Moros,NonState Group,
10261.0,EPLF,NonState Group,
10262.0,NPA,NonState Group,
10263.0,Patriotic Front,NonState Group,
10264.0,Baluchi Rebels,NonState Group,
10265.0,Pinochet led military,NonState Group,
10266.0,PFLOAG,NonState Group,
10267.0,Eritrean Peo. Lib.,NonState Group,
10268.0,"Montoneros, ERP",NonState Group,
10269.0,Lebanese National Movement,NonState Group,
10270.0,"OPR, West Papua",NonState Group,
10271.0,Hmong,NonState Group,
10272.0,WSLF,NonState Group,
10273.0,PLO & Shiite militia,NonState Group,
10274.0,"Ogaden, WSLF",NonState Group,
10275.0,The Democratic Front Against Repression (FDCR),NonState Group,
10276.0,Leftist Military,NonState Group,
10277.0,FNLC,NonState Group,
10278.0,Mujahideen,NonState Group,
10279.0,Anti-Shah Coalition,NonState Group,
10280.0,Sandinistas,NonState Group,
10281.0,Anti-Khmoneini Coalition: Fedayeen Kalq & Kurds,NonState Group,
10282.0,Salvadorean Democratic Front,NonState Group,
10283.0,Renamo,NonState Group,
10284.0,FAN,NonState Group,
10285.0,National Resistance Army,NonState Group,
10286.0,Muslim fundamentalists,NonState Group,
10287.0,Muslim Brotherhood,NonState Group,
10288.0,Tigray & Eritrea,NonState Group,
10289.0,Shining Path & TARM,NonState Group,
10290.0,Contras,NonState Group,
10291.0,ZAPU,NonState Group,
10292.0,Karen & Kachin Rebels,NonState Group,
10293.0,Shi'ites & Druze,NonState Group,
10294.0,Tamils,NonState Group,
10295.0,SPLA-Garang faction,NonState Group,
10296.0,"Kurds, PKK",NonState Group,
10297.0,Leftist Factions,NonState Group,
10298.0,HSMF,NonState Group,
10299.0,JVP,NonState Group,
10300.0,ANC,NonState Group,
10301.0,Pro-democracy,NonState Group,
10302.0,rebel clans,NonState Group,
10303.0,militias,NonState Group,
10304.0,Mujahadin,NonState Group,
10305.0,Deby's MPS,NonState Group,
10306.0,GAM,NonState Group,
10307.0,BRA,NonState Group,
10308.0,FARC & Drug Lords,NonState Group,
10309.0,Khmer Rouge & KPNFL,NonState Group,
10310.0,Anti-Ceaucescu Rebels,NonState Group,
10311.0,NPFL,NonState Group,
10312.0,Kashmiri Guerillas,NonState Group,
10313.0,Shiites & Kurds,NonState Group,
10314.0,RUF,NonState Group,
10315.0,Nuer faction,NonState Group,
10316.0,Tiv,NonState Group,
10317.0,Aideed Faction,NonState Group,
10318.0,Reform,NonState Group,
10319.0,Nagorno-Karabakh,NonState Group,
10320.0,Dniestria,NonState Group,
10321.0,Islamic Front,NonState Group,
10322.0,United Tajik Opposition,NonState Group,
10323.0,Bosnian Serbs,NonState Group,
10324.0,NPFL & ULIMO,NonState Group,
10325.0,Tutsi army,NonState Group,
10326.0,South Yemen,NonState Group,
10327.0,Chechnya,NonState Group,
10328.0,KDP,NonState Group,
10329.0,Krajinia Serbs,NonState Group,
10330.0,ADFL,NonState Group,
10331.0,Hutu rebels,NonState Group,
10332.0,FDU (Cobra militia),NonState Group,
10333.0,Kabbah faction,NonState Group,
10334.0,KLA,NonState Group,
10335.0,ManÈ Junta,NonState Group,
10336.0,"RCD, MLC, et al",NonState Group,
10337.0,MDD & MDJT,NonState Group,
10338.0,Ninjas and Cocoye militias,NonState Group,
10339.0,FKM & RMS,NonState Group,
10340.0,Muslim Fulani,NonState Group,
10341.0,Oromo Lib. Front,NonState Group,
10342.0,MILF,NonState Group,
10343.0,RDFG,NonState Group,
10344.0,FNL & FROLINA,NonState Group,
10345.0,Army for the Liberation of Rwanda,NonState Group,
10346.0,CPN,NonState Group,
10347.0,LURD & MODEL,NonState Group,
10348.0,Nuer,NonState Group,
10349.0,"MPCI, MPIGO, MJP",NonState Group,
10350.0,MILF & ASG,NonState Group,
10351.0,SLA & JEM,NonState Group,
10352.0,Waziri tribes,NonState Group,
10353.0,Zaidi Muslims,NonState Group,
10354.0,MILF & NPA,NonState Group,
10355.0,FUDC,NonState Group,
10356.0,SCIC,NonState Group,
10357.0,LTTE,NonState Group,
10358.0,Saudi Wahhabis,NonState Group,
10359.0,San Martin revolutionaries,NonState Group,
10360.0,New Granada,NonState Group,
10361.0,Mina Expedition,NonState Group,
10362.0,Kandyan rebels,NonState Group,
10363.0,Marathas,NonState Group,
10364.0,Sudan states,NonState Group,
10365.0,Ashanti-Ghana,NonState Group,
10366.0,Latin American revolutionaries,NonState Group,
10367.0,Javanese rebels,NonState Group,
10368.0,Bharatpuran rebels,NonState Group,
10369.0,Bilmez-Asiri,NonState Group,
10370.0,Zulu tribe,NonState Group,
10371.0,Algerian forces,NonState Group,
10372.0,Gwalior,NonState Group,
10373.0,Khosa,NonState Group,
10374.0,Chinese Pirates,NonState Group,
10375.0,Xhosa,NonState Group,
10376.0,Yam,NonState Group,
10377.0,Tukulor,NonState Group,
10378.0,Santal,NonState Group,
10379.0,Beni Aseer tribe,NonState Group,
10380.0,Kabylia,NonState Group,
10381.0,Indian sepoys,NonState Group,
10382.0,Red Shirts,NonState Group,
10383.0,New Zealand Maori,NonState Group,
10384.0,Choshu Daimyo,NonState Group,
10385.0,Pathan tribe,NonState Group,
10386.0,Bukhara,NonState Group,
10387.0,Ethiopians,NonState Group,
10388.0,Bahr el-Ghazal,NonState Group,
10389.0,"Yemen, Asir, Hasa",NonState Group,
10390.0,Ashanti,NonState Group,
10391.0,Aceh,NonState Group,
10392.0,"Serbia, Montenegro",NonState Group,
10393.0,S. Africa Xhosa,NonState Group,
10394.0,Sudanese Slavers,NonState Group,
10395.0,Turkomans,NonState Group,
10396.0,"Vietnam, Black Flag",NonState Group,
10397.0,Madagasar,NonState Group,
10398.0,Mandinka,NonState Group,
10399.0,Prazero da Cruz,NonState Group,
10400.0,Dahomey,NonState Group,
10401.0,Jolof/Tukulor,NonState Group,
10402.0,Tippu Tib Empire,NonState Group,
10403.0,Rif tribes,NonState Group,
10404.0,Gaza Empire,NonState Group,
10405.0,Mazrui clan of Kenya,NonState Group,
10406.0,Pathans,NonState Group,
10407.0,Sierra Leone rebels,NonState Group,
10408.0,Rabih az-Zubayr,NonState Group,
10409.0,Boer Republics,NonState Group,
10410.0,Mohammad Abdullah Hassanís Dervishes,NonState Group,
10411.0,Bailundu of Angola,NonState Group,
10412.0,Kuanhama of Angola,NonState Group,
10413.0,Kano & Sokoto,NonState Group,
10414.0,Herero & Nama,NonState Group,
10415.0,Maji-Maji in Tanganyika,NonState Group,
10416.0,Mahdist rebels,NonState Group,
10417.0,Dembos,NonState Group,
10418.0,Sheikh Ma Al-Ainie,NonState Group,
10419.0,Wadai sultanate,NonState Group,
10420.0,Berbers,NonState Group,
10421.0,Moro,NonState Group,
10422.0,Caco Rebels,NonState Group,
10423.0,Waziristan,NonState Group,
10424.0,Syrians,NonState Group,
10425.0,Baron von Ungern-Sternbergís White army,NonState Group,
10426.0,Sanusi tribe,NonState Group,
10427.0,Riffs,NonState Group,
10428.0,Muslim Moplahs,NonState Group,
10429.0,Vietnamese Nationalists,NonState Group,
10430.0,Peasant Rebels,NonState Group,
10431.0,Pathan tribes,NonState Group,
10432.0,Vietminh,NonState Group,
10433.0,Malayan Communists,NonState Group,
10434.0,Mau Mau,NonState Group,
10435.0,UPC,NonState Group,
10436.0,Fretilin & UDT,NonState Group,
10437.0,SWAPO-Namibia,NonState Group,
10438.0,Polisario,NonState Group,
10439.0,Muhajadin,NonState Group,
10440.0,PKK in Iraq,NonState Group,
10441.0,al-Qaeda & Taliban,NonState Group,
10442.0,al-Qaeda & Iraqi resistence,NonState Group,
